Match_ID,Match_Date,Year,Format,Tournament,Team,Opponent,Venue,Host_Country,Home_Away,Batting_Innings,Batting_Position,Runs,Balls,Fours,Sixes,Dismissal_Mode,Strike_Rate,Overs,Maidens,Runs_Conceded,Wickets,Economy,Catches,Result,Player_of_Match,Match_Impact_Score
M-2015-ODI-025,2015-01-07,2015,ODI,International Series 2015,India,South Africa,"MA Chidambaram Stadium, Chennai",India,Away,1,6,18,15,1,2,lbw,120,6.5,1,46,2,7.08,2,Won,No,81
M-2015-T20I-087,2015-01-10,2015,T20I,International Series 2015,India,Afghanistan,"PCA Stadium, Mohali",India,Home,1,6,14,12,1,2,caught,116.67,3.5,0,22,0,6.29,4,Won,No,51
M-2015-IPL-146,2015-01-27,2015,IPL,Indian Premier League 2015,Mumbai Indians,Lucknow Super Giants,"MA Chidambaram Stadium, Chennai",India,Home,1,6,22,16,0,0,caught,137.5,3,0,12,0,4,0,Won,No,37.6
M-2015-IPL-117,2015-02-24,2015,IPL,Indian Premier League 2015,Mumbai Indians,Lucknow Super Giants,"PCA Stadium, Mohali",India,Home,1,6,18,13,0,0,not out,138.46,2,0,18,1,9,0,Won,No,45.8
M-2015-ODI-057,2015-02-25,2015,ODI,International Series 2015,India,Sri Lanka,"HPCA Stadium, Dharamsala",India,Away,1,6,11,8,3,1,bowled,137.5,6.2,0,41,1,6.61,1,Lost,No,49.1
M-2015-IPL-136,2015-03-14,2015,IPL,Indian Premier League 2015,Mumbai Indians,Sunrisers Hyderabad,"Narendra Modi Stadium, Ahmedabad",India,Away,1,6,13,10,2,1,bowled,130,2.5,0,20,0,8,0,Lost,No,17.5
M-2015-IPL-120,2015-03-16,2015,IPL,Indian Premier League 2015,Mumbai Indians,Punjab Kings,"PCA Stadium, Mohali",India,Home,1,6,15,12,0,0,lbw,125,3.1,0,22,2,7.1,0,Won,No,62.8
M-2015-IPL-051,2015-03-19,2015,IPL,Indian Premier League 2015,Mumbai Indians,Royal Challengers Bengaluru,"PCA Stadium, Mohali",India,Away,1,6,13,10,1,2,caught,130,2.3,0,19,0,8.26,1,Lost,No,25.5
M-2015-T20I-036,2015-03-22,2015,T20I,International Series 2015,India,West Indies,"Rajiv Gandhi Stadium, Hyderabad",India,Home,1,6,15,13,1,1,caught,115.38,3.5,0,23,2,6.57,0,Lost,No,63.8
M-2015-ODI-060,2015-04-14,2015,ODI,International Series 2015,India,Bangladesh,"MA Chidambaram Stadium, Chennai",India,Away,1,6,34,31,4,0,bowled,109.68,4.2,0,34,1,8.1,1,Won,No,65.5
M-2015-ODI-081,2015-04-26,2015,ODI,International Series 2015,India,Ireland,"Wankhede Stadium, Mumbai",India,Home,1,6,9,7,1,1,lbw,128.57,8.1,0,39,1,4.81,0,Won,No,42.8
M-2015-ODI-061,2015-05-01,2015,ODI,International Series 2015,India,Pakistan,"PCA Stadium, Mohali",India,Home,1,6,26,23,2,1,bowled,113.04,9.3,0,40,0,4.3,0,Won,No,35.5
M-2015-IPL-138,2015-05-13,2015,IPL,Indian Premier League 2015,Mumbai Indians,Royal Challengers Bengaluru,"HPCA Stadium, Dharamsala",India,Away,1,6,24,19,0,1,not out,126.32,3.5,0,19,0,5.43,1,Lost,No,40.9
M-2015-T20I-077,2015-05-15,2015,T20I,International Series 2015,India,Ireland,"PCA Stadium, Mohali",India,Away,1,6,12,8,2,1,lbw,150,3.3,0,19,1,5.76,1,Lost,No,54.5
M-2015-ODI-058,2015-06-03,2015,ODI,International Series 2015,India,Afghanistan,"Arun Jaitley Stadium, Delhi",India,Away,1,6,20,14,1,1,lbw,142.86,4.2,0,33,0,7.86,0,Won,No,26.4
M-2015-IPL-054,2015-07-02,2015,IPL,Indian Premier League 2015,Mumbai Indians,Kolkata Knight Riders,"Narendra Modi Stadium, Ahmedabad",India,Home,1,6,16,13,0,1,bowled,123.08,2.1,0,23,0,10.95,1,Won,No,27.5
M-2015-IPL-023,2015-09-02,2015,IPL,Indian Premier League 2015,Mumbai Indians,Punjab Kings,"Arun Jaitley Stadium, Delhi",India,Away,1,6,14,9,3,2,not out,155.56,2.2,0,22,0,10,0,Won,No,22.3
M-2015-T20I-107,2015-09-02,2015,T20I,International Series 2015,India,South Africa,"Rajiv Gandhi Stadium, Hyderabad",India,Home,1,6,13,9,1,0,caught,144.44,3.4,0,17,1,5,0,Won,No,46.7
M-2015-T20I-023,2015-09-09,2015,T20I,International Series 2015,India,Sri Lanka,"Narendra Modi Stadium, Ahmedabad",India,Home,1,6,18,14,0,2,caught,128.57,2.2,0,23,0,10.45,0,Won,No,22.3
M-2015-IPL-065,2015-09-09,2015,IPL,Indian Premier League 2015,Mumbai Indians,Delhi Capitals,"Eden Gardens, Kolkata",India,Home,1,6,17,12,0,2,caught,141.67,3.1,0,16,0,5.16,0,Lost,No,28.3
M-2015-ODI-073,2015-09-24,2015,ODI,International Series 2015,India,Ireland,"Rajiv Gandhi Stadium, Hyderabad",India,Home,1,6,15,13,1,0,lbw,115.38,8,0,35,1,4.38,0,Won,No,46.8
M-2015-ODI-055,2015-10-04,2015,ODI,International Series 2015,India,West Indies,"PCA Stadium, Mohali",India,Home,1,6,12,10,1,1,caught,120,5.2,0,39,1,7.5,0,Lost,No,37
M-2015-IPL-116,2015-10-07,2015,IPL,Indian Premier League 2015,Mumbai Indians,Chennai Super Kings,"M Chinnaswamy Stadium, Bengaluru",India,Away,1,6,22,20,4,0,caught,110,2.1,0,25,1,11.9,1,Lost,No,53.5
M-2015-T20I-098,2015-10-15,2015,T20I,International Series 2015,India,New Zealand,"Arun Jaitley Stadium, Delhi",India,Away,1,6,14,12,0,2,lbw,116.67,3.1,0,22,1,7.1,1,Won,No,46.5
M-2015-IPL-031,2015-10-18,2015,IPL,Indian Premier League 2015,Mumbai Indians,Lucknow Super Giants,"MA Chidambaram Stadium, Chennai",India,Away,1,6,17,13,1,1,not out,130.77,2.3,0,23,0,10,1,Won,No,29.6
M-2015-ODI-033,2015-11-06,2015,ODI,International Series 2015,India,West Indies,"Arun Jaitley Stadium, Delhi",India,Away,1,6,20,14,1,1,lbw,142.86,4.5,0,38,3,8.44,1,Won,No,100.4
M-2015-IPL-143,2015-11-17,2015,IPL,Indian Premier League 2015,Mumbai Indians,Lucknow Super Giants,"Eden Gardens, Kolkata",India,Away,1,6,18,13,1,2,not out,138.46,2.3,0,18,0,7.83,1,Won,No,31.8
M-2015-IPL-111,2015-12-12,2015,IPL,Indian Premier League 2015,Mumbai Indians,Lucknow Super Giants,"Narendra Modi Stadium, Ahmedabad",India,Away,1,6,21,18,1,1,bowled,116.67,3.3,0,18,1,5.45,0,Won,No,50.5
M-2016-T20I-058,2016-01-05,2016,T20I,International Series 2016,India,Zimbabwe,"PCA Stadium, Mohali",India,Away,1,6,12,11,0,2,lbw,109.09,2.5,0,22,0,8.8,0,Lost,No,13.4
M-2016-ODI-082,2016-01-09,2016,ODI,International Series 2016,India,Zimbabwe,"PCA Stadium, Mohali",India,Away,1,6,28,19,0,0,lbw,147.37,8.2,0,28,1,3.41,2,Won,No,83.1
M-2016-IPL-053,2016-02-14,2016,IPL,Indian Premier League 2016,Mumbai Indians,Royal Challengers Bengaluru,"Arun Jaitley Stadium, Delhi",India,Away,1,6,22,15,3,3,lbw,146.67,2.3,0,18,1,7.83,0,Lost,No,51
M-2016-T20I-120,2016-02-15,2016,T20I,International Series 2016,India,England,"Wankhede Stadium, Mumbai",India,Home,1,6,12,10,2,1,caught,120,2.1,0,28,0,13.33,1,Won,No,23
M-2016-T20I-117,2016-03-02,2016,T20I,International Series 2016,India,West Indies,"HPCA Stadium, Dharamsala",India,Away,1,6,16,14,1,0,caught,114.29,2.2,0,24,0,10.91,1,Won,No,26.1
M-2016-IPL-103,2016-03-08,2016,IPL,Indian Premier League 2016,Mumbai Indians,Lucknow Super Giants,"Arun Jaitley Stadium, Delhi",India,Home,1,6,21,17,1,0,not out,123.53,2.4,0,20,0,8.33,0,Won,No,24.5
M-2016-T20I-052,2016-04-19,2016,T20I,International Series 2016,India,Sri Lanka,"Arun Jaitley Stadium, Delhi",India,Home,1,6,14,11,1,1,not out,127.27,2.4,0,28,3,11.67,1,Won,No,92.1
M-2016-IPL-043,2016-04-26,2016,IPL,Indian Premier League 2016,Mumbai Indians,Royal Challengers Bengaluru,"PCA Stadium, Mohali",India,Home,1,6,17,12,0,1,lbw,141.67,3.3,0,24,1,7.27,0,Won,No,45.3
M-2016-ODI-053,2016-05-07,2016,ODI,International Series 2016,India,Afghanistan,"Narendra Modi Stadium, Ahmedabad",India,Away,1,6,24,20,1,0,bowled,120,5.2,0,35,1,6.73,0,Won,No,51.5
M-2016-IPL-070,2016-06-12,2016,IPL,Indian Premier League 2016,Mumbai Indians,Delhi Capitals,"M Chinnaswamy Stadium, Bengaluru",India,Home,1,6,12,9,1,1,not out,133.33,3.4,0,14,0,4.12,0,Won,No,24.5
M-2016-IPL-118,2016-07-03,2016,IPL,Indian Premier League 2016,Mumbai Indians,Chennai Super Kings,"M Chinnaswamy Stadium, Bengaluru",India,Away,1,6,16,12,1,1,bowled,133.33,2.5,0,24,1,9.6,0,Won,No,43
M-2016-ODI-098,2016-07-08,2016,ODI,International Series 2016,India,Zimbabwe,"Eden Gardens, Kolkata",India,Away,1,6,19,15,2,0,bowled,126.67,7.3,0,41,1,5.62,1,Lost,No,58
M-2016-IPL-137,2016-08-13,2016,IPL,Indian Premier League 2016,Mumbai Indians,Punjab Kings,"HPCA Stadium, Dharamsala",India,Away,1,6,16,13,1,0,lbw,123.08,2.4,0,12,2,5,1,Won,No,76.5
M-2016-T20I-105,2016-09-04,2016,T20I,International Series 2016,India,England,"Rajiv Gandhi Stadium, Hyderabad",India,Home,1,6,21,19,1,2,not out,110.53,2.1,0,22,0,10.48,0,Won,No,22.6
M-2016-T20I-073,2016-09-05,2016,T20I,International Series 2016,India,Sri Lanka,"Eden Gardens, Kolkata",India,Home,1,6,15,13,0,0,lbw,115.38,3,0,22,1,7.33,0,Won,No,39.3
M-2016-ODI-085,2016-09-18,2016,ODI,International Series 2016,India,South Africa,"MA Chidambaram Stadium, Chennai",India,Home,1,6,23,20,2,1,bowled,115,8.3,0,30,2,3.61,1,Lost,No,87.2
M-2016-T20I-053,2016-09-20,2016,T20I,International Series 2016,India,Sri Lanka,"M Chinnaswamy Stadium, Bengaluru",India,Away,1,6,15,11,0,2,bowled,136.36,2.4,0,34,0,14.17,0,Lost,No,20.5
M-2016-T20I-094,2016-09-21,2016,T20I,International Series 2016,India,New Zealand,"M Chinnaswamy Stadium, Bengaluru",India,Away,1,6,16,11,1,1,bowled,145.45,3.1,0,27,0,8.71,0,Lost,No,22.8
M-2016-ODI-031,2016-10-15,2016,ODI,International Series 2016,India,New Zealand,"Wankhede Stadium, Mumbai",India,Away,1,6,16,13,0,0,bowled,123.08,9.5,0,35,2,3.68,0,Won,No,73.5
M-2016-ODI-066,2016-10-15,2016,ODI,International Series 2016,India,Australia,"HPCA Stadium, Dharamsala",India,Away,1,6,19,14,2,0,lbw,135.71,6.2,0,42,0,6.77,0,Won,No,26.9
M-2016-ODI-039,2016-10-18,2016,ODI,International Series 2016,India,New Zealand,"Eden Gardens, Kolkata",India,Away,1,6,20,14,3,1,caught,142.86,4,0,41,0,10.25,1,Won,No,34.4
M-2016-ODI-100,2016-10-18,2016,ODI,International Series 2016,India,Pakistan,"M Chinnaswamy Stadium, Bengaluru",India,Home,1,6,21,15,3,1,caught,140,5.4,0,44,2,8.15,0,Won,No,71
M-2016-T20I-069,2016-10-27,2016,T20I,International Series 2016,India,Australia,"MA Chidambaram Stadium, Chennai",India,Home,1,6,18,14,0,1,bowled,128.57,2.4,0,20,0,8.33,1,Lost,No,30.3
M-2016-T20I-089,2016-11-15,2016,T20I,International Series 2016,India,Zimbabwe,"Narendra Modi Stadium, Ahmedabad",India,Home,1,6,17,15,0,0,bowled,113.33,2,0,25,1,12.5,0,Lost,No,41
M-2016-T20I-020,2016-11-24,2016,T20I,International Series 2016,India,West Indies,"M Chinnaswamy Stadium, Bengaluru",India,Away,1,6,12,11,1,1,caught,109.09,3.3,0,24,0,7.27,1,Won,No,21.4
M-2016-IPL-100,2016-11-25,2016,IPL,Indian Premier League 2016,Mumbai Indians,Royal Challengers Bengaluru,"HPCA Stadium, Dharamsala",India,Away,1,6,16,14,2,2,bowled,114.29,2.4,0,25,0,10.42,0,Won,No,18.1
M-2016-ODI-080,2016-12-08,2016,ODI,International Series 2016,India,Ireland,"MA Chidambaram Stadium, Chennai",India,Home,1,6,27,22,1,0,bowled,122.73,5.5,0,36,2,6.55,0,Won,No,76.9
M-2016-ODI-040,2016-12-24,2016,ODI,International Series 2016,India,New Zealand,"Rajiv Gandhi Stadium, Hyderabad",India,Home,1,6,13,10,2,1,lbw,130,6.4,1,33,0,5.16,0,Won,No,22.5
M-2016-IPL-152,2016-12-27,2016,IPL,Indian Premier League 2016,Mumbai Indians,Rajasthan Royals,"M Chinnaswamy Stadium, Bengaluru",India,Away,1,6,13,10,2,0,bowled,130,2.2,0,16,1,7.27,0,Won,No,39.5
M-2017-T20I-060,2017-01-02,2017,T20I,International Series 2017,India,Afghanistan,"Rajiv Gandhi Stadium, Hyderabad",India,Away,1,6,15,11,2,1,caught,136.36,2.1,0,24,0,11.43,2,Won,No,36.5
M-2017-ODI-102,2017-02-07,2017,ODI,International Series 2017,India,Australia,"M Chinnaswamy Stadium, Bengaluru",India,Away,1,6,15,13,1,2,not out,115.38,8.2,0,33,1,4.02,0,Won,No,46.8
M-2017-ODI-077,2017-02-10,2017,ODI,International Series 2017,India,New Zealand,"PCA Stadium, Mohali",India,Home,1,6,20,16,1,0,caught,125,5.3,0,31,1,5.85,1,Lost,No,58.8
M-2017-T20I-082,2017-02-17,2017,T20I,International Series 2017,India,Ireland,"Arun Jaitley Stadium, Delhi",India,Away,1,6,20,16,2,1,not out,125,2.1,0,22,0,10.48,1,Lost,No,31.8
M-2017-ODI-059,2017-02-17,2017,ODI,International Series 2017,India,South Africa,"M Chinnaswamy Stadium, Bengaluru",India,Home,1,6,19,13,1,1,lbw,146.15,4.4,0,39,0,8.86,2,Won,No,41.9
M-2017-T20I-035,2017-02-23,2017,T20I,International Series 2017,India,Australia,"PCA Stadium, Mohali",India,Home,1,6,11,8,0,0,bowled,137.5,2.1,0,23,1,10.95,0,Won,No,38.6
M-2017-T20I-067,2017-02-26,2017,T20I,International Series 2017,India,West Indies,"M Chinnaswamy Stadium, Bengaluru",India,Home,1,6,20,14,2,0,caught,142.86,3,0,19,1,6.33,1,Lost,No,58.9
M-2017-TEST-022,2017-02-27,2017,Test,International Series 2017,India,New Zealand,"MA Chidambaram Stadium, Chennai",India,Away,1,7,39,30,3,0,bowled,130,7,1,59,1,8.43,0,Won,No,65.5
M-2017-T20I-046,2017-03-01,2017,T20I,International Series 2017,India,New Zealand,"Rajiv Gandhi Stadium, Hyderabad",India,Away,1,6,18,13,1,0,lbw,138.46,3.2,0,27,1,8.44,0,Won,No,45.8
M-2017-T20I-031,2017-03-03,2017,T20I,International Series 2017,India,Ireland,"MA Chidambaram Stadium, Chennai",India,Home,1,6,21,16,1,0,not out,131.25,2.1,0,25,1,11.9,1,Lost,No,55.7
M-2017-T20I-074,2017-03-06,2017,T20I,International Series 2017,India,Ireland,"Eden Gardens, Kolkata",India,Away,1,6,12,10,1,1,caught,120,2,0,12,0,6,0,Lost,No,20
M-2017-ODI-022,2017-03-09,2017,ODI,International Series 2017,India,Zimbabwe,"Rajiv Gandhi Stadium, Hyderabad",India,Home,1,6,21,18,1,2,bowled,116.67,5.5,1,38,2,6.91,0,Lost,No,70
M-2017-IPL-084,2017-03-13,2017,IPL,Indian Premier League 2017,Mumbai Indians,Rajasthan Royals,"PCA Stadium, Mohali",India,Away,1,6,20,14,3,1,not out,142.86,2.5,0,20,0,8,0,Lost,No,26.4
M-2017-IPL-109,2017-03-13,2017,IPL,Indian Premier League 2017,Mumbai Indians,Lucknow Super Giants,"M Chinnaswamy Stadium, Bengaluru",India,Away,1,6,21,17,3,0,lbw,123.53,3,0,25,0,8.33,1,Won,No,32.5
M-2017-T20I-080,2017-03-22,2017,T20I,International Series 2017,India,England,"Wankhede Stadium, Mumbai",India,Away,1,6,12,10,0,2,lbw,120,2.3,0,14,0,6.09,1,Won,No,25.5
M-2017-ODI-026,2017-03-22,2017,ODI,International Series 2017,India,New Zealand,"HPCA Stadium, Dharamsala",India,Away,1,6,21,17,3,1,caught,123.53,5.4,0,36,1,6.67,1,Lost,No,57
M-2017-TEST-027,2017-04-18,2017,Test,International Series 2017,India,New Zealand,"Arun Jaitley Stadium, Delhi",India,Away,1,7,52,35,10,1,bowled,148.57,14,0,52,3,3.71,1,Lost,No,143.3
M-2017-IPL-064,2017-05-15,2017,IPL,Indian Premier League 2017,Mumbai Indians,Punjab Kings,"PCA Stadium, Mohali",India,Home,1,6,19,17,0,1,caught,111.76,2.3,0,16,0,6.96,0,Won,No,23.3
M-2017-T20I-068,2017-05-20,2017,T20I,International Series 2017,India,Australia,"PCA Stadium, Mohali",India,Home,1,6,11,10,0,0,bowled,110,3.2,0,33,1,10.31,1,Lost,No,42.5
M-2017-IPL-063,2017-05-26,2017,IPL,Indian Premier League 2017,Mumbai Indians,Delhi Capitals,"MA Chidambaram Stadium, Chennai",India,Away,1,6,18,15,0,0,bowled,120,2,0,19,0,9.5,0,Lost,No,21
M-2017-TEST-020,2017-06-03,2017,Test,International Series 2017,India,Ireland,"Arun Jaitley Stadium, Delhi",India,Away,1,7,37,29,9,1,caught,127.59,16.1,0,46,0,2.86,0,Won,No,53.6
M-ODI-001,2017-06-18,2017,ODI,ICC Champions Trophy Final,India,Pakistan,"The Oval, London",England,Neutral,1,7,76,43,3,6,run out,176.74,10,0,53,1,5.3,0,Lost,No,118.5
M-2017-TEST-023,2017-07-06,2017,Test,International Series 2017,India,Afghanistan,"Wankhede Stadium, Mumbai",India,Home,1,7,48,37,7,0,not out,129.73,14.4,0,61,2,4.24,0,Won,No,104
M-2017-ODI-047,2017-07-22,2017,ODI,International Series 2017,India,South Africa,"HPCA Stadium, Dharamsala",India,Home,1,6,15,13,0,0,bowled,115.38,4.2,0,39,1,9.29,1,Lost,No,47.3
M-2017-T20I-096,2017-08-01,2017,T20I,International Series 2017,India,England,"Narendra Modi Stadium, Ahmedabad",India,Home,1,6,13,11,1,0,caught,118.18,2.4,0,27,1,11.25,0,Lost,No,37.7
M-2017-ODI-046,2017-08-08,2017,ODI,International Series 2017,India,West Indies,"Wankhede Stadium, Mumbai",India,Away,1,6,20,15,2,2,bowled,133.33,5.4,0,39,1,7.22,1,Lost,No,55
M-2017-IPL-034,2017-08-10,2017,IPL,Indian Premier League 2017,Mumbai Indians,Lucknow Super Giants,"Wankhede Stadium, Mumbai",India,Away,1,6,23,17,4,1,not out,135.29,2.4,0,19,0,7.92,0,Won,No,28.3
M-TEST-001,2017-08-13,2017,Test,India tour of Sri Lanka,India,Sri Lanka,"Pallekele International Stadium, Kandy",Sri Lanka,Away,1,8,108,96,8,7,caught,112.5,1,0,7,0,7,1,Won,Yes,126.5
M-2017-T20I-034,2017-08-16,2017,T20I,International Series 2017,India,England,"Arun Jaitley Stadium, Delhi",India,Home,1,6,18,13,1,1,lbw,138.46,2.5,0,26,1,10.4,0,Lost,No,45.8
M-2017-T20I-097,2017-08-27,2017,T20I,International Series 2017,India,New Zealand,"Arun Jaitley Stadium, Delhi",India,Away,1,6,18,12,0,1,caught,150,3.5,0,17,1,4.86,2,Won,No,71
M-2017-IPL-060,2017-09-20,2017,IPL,Indian Premier League 2017,Mumbai Indians,Lucknow Super Giants,"PCA Stadium, Mohali",India,Home,1,6,20,16,2,0,bowled,125,3,0,22,1,7.33,0,Lost,No,45.8
M-2017-IPL-027,2017-09-20,2017,IPL,Indian Premier League 2017,Mumbai Indians,Rajasthan Royals,"Arun Jaitley Stadium, Delhi",India,Away,1,6,20,14,0,0,caught,142.86,3.4,0,14,0,4.12,0,Won,No,33.9
M-2017-T20I-072,2017-10-09,2017,T20I,International Series 2017,India,West Indies,"Arun Jaitley Stadium, Delhi",India,Home,1,6,22,17,1,0,lbw,129.41,3.2,0,22,0,6.88,0,Lost,No,28.9
M-2017-IPL-123,2017-10-12,2017,IPL,Indian Premier League 2017,Mumbai Indians,Delhi Capitals,"PCA Stadium, Mohali",India,Home,1,6,11,10,2,0,bowled,110,2.1,0,14,1,6.67,0,Won,No,37
M-2017-T20I-022,2017-10-22,2017,T20I,International Series 2017,India,Australia,"MA Chidambaram Stadium, Chennai",India,Home,1,6,13,9,0,1,lbw,144.44,3.1,0,25,0,8.06,1,Lost,No,27.7
M-2017-ODI-087,2017-11-04,2017,ODI,International Series 2017,India,England,"PCA Stadium, Mohali",India,Home,1,6,17,15,0,2,caught,113.33,8,0,41,0,5.12,1,Lost,No,32
M-2017-T20I-042,2017-11-12,2017,T20I,International Series 2017,India,Australia,"MA Chidambaram Stadium, Chennai",India,Home,1,6,15,11,0,2,lbw,136.36,3.1,0,25,1,8.06,0,Won,No,42.5
M-2017-T20I-088,2017-11-19,2017,T20I,International Series 2017,India,Sri Lanka,"HPCA Stadium, Dharamsala",India,Away,1,6,16,11,1,2,lbw,145.45,2,0,22,0,11,0,Won,No,22.8
M-2017-T20I-099,2017-11-20,2017,T20I,International Series 2017,India,England,"Arun Jaitley Stadium, Delhi",India,Away,1,6,12,8,1,0,lbw,150,3.3,0,27,1,8.18,1,Won,No,49.5
M-2017-ODI-023,2017-11-24,2017,ODI,International Series 2017,India,Zimbabwe,"Wankhede Stadium, Mumbai",India,Home,1,6,19,13,0,0,not out,146.15,7.5,0,25,0,3.33,1,Lost,No,43.9
M-2018-ODI-051,2018-01-17,2018,ODI,International Series 2018,India,Zimbabwe,"M Chinnaswamy Stadium, Bengaluru",India,Away,1,6,20,15,3,1,bowled,133.33,7.4,0,31,1,4.19,0,Won,No,54.5
M-2018-IPL-062,2018-01-22,2018,IPL,Indian Premier League 2018,Mumbai Indians,Rajasthan Royals,"Wankhede Stadium, Mumbai",India,Home,1,6,15,11,1,1,caught,136.36,2.5,0,16,1,6.4,1,Lost,No,53
M-2018-ODI-068,2018-01-27,2018,ODI,International Series 2018,India,West Indies,"Eden Gardens, Kolkata",India,Away,1,6,16,13,0,0,lbw,123.08,7.1,1,45,1,6.34,0,Lost,No,44
M-2018-ODI-079,2018-02-05,2018,ODI,International Series 2018,India,Ireland,"Rajiv Gandhi Stadium, Hyderabad",India,Home,1,6,23,18,0,1,caught,127.78,9.3,0,37,0,3.98,2,Won,No,53.2
M-2018-IPL-036,2018-02-17,2018,IPL,Indian Premier League 2018,Mumbai Indians,Sunrisers Hyderabad,"Arun Jaitley Stadium, Delhi",India,Home,1,6,13,11,3,1,not out,118.18,2,0,13,0,6.5,0,Lost,No,18.2
M-2018-T20I-049,2018-02-20,2018,T20I,International Series 2018,India,Zimbabwe,"Arun Jaitley Stadium, Delhi",India,Home,1,6,10,8,1,1,not out,125,2.3,0,25,0,10.87,1,Won,No,21.8
M-2018-IPL-108,2018-02-20,2018,IPL,Indian Premier League 2018,Mumbai Indians,Royal Challengers Bengaluru,"Eden Gardens, Kolkata",India,Away,1,6,14,11,3,0,not out,127.27,3.2,0,13,1,4.06,0,Won,No,47.6
M-2018-IPL-110,2018-02-27,2018,IPL,Indian Premier League 2018,Mumbai Indians,Sunrisers Hyderabad,"HPCA Stadium, Dharamsala",India,Home,1,6,5,4,1,1,bowled,125,3.5,0,26,1,7.43,1,Lost,No,38.8
M-2018-IPL-025,2018-04-02,2018,IPL,Indian Premier League 2018,Mumbai Indians,Royal Challengers Bengaluru,"MA Chidambaram Stadium, Chennai",India,Away,1,6,24,17,0,0,lbw,141.18,2.4,0,16,1,6.67,0,Won,No,54.7
M-2018-TEST-021,2018-04-04,2018,Test,International Series 2018,India,Zimbabwe,"HPCA Stadium, Dharamsala",India,Home,1,7,28,19,4,0,bowled,147.37,12.4,0,50,0,4.03,1,Lost,No,50.6
M-2018-IPL-089,2018-05-05,2018,IPL,Indian Premier League 2018,Mumbai Indians,Royal Challengers Bengaluru,"Arun Jaitley Stadium, Delhi",India,Away,1,6,18,16,1,2,lbw,112.5,2.2,0,20,0,9.09,0,Won,No,19.9
M-2018-TEST-026,2018-05-13,2018,Test,International Series 2018,India,Pakistan,"MA Chidambaram Stadium, Chennai",India,Away,1,7,36,32,5,1,caught,112.5,7.5,0,54,0,7.2,0,Won,No,37.9
M-2018-T20I-118,2018-06-04,2018,T20I,International Series 2018,India,Afghanistan,"PCA Stadium, Mohali",India,Away,1,6,6,4,0,0,lbw,150,2,0,25,0,12.5,0,Won,No,13.5
M-2018-T20I-092,2018-06-12,2018,T20I,International Series 2018,India,Ireland,"Wankhede Stadium, Mumbai",India,Home,1,6,11,10,1,2,lbw,110,3.3,0,22,1,6.67,1,Won,No,45
M-2018-ODI-096,2018-07-01,2018,ODI,International Series 2018,India,New Zealand,"M Chinnaswamy Stadium, Bengaluru",India,Away,1,6,20,17,0,1,caught,117.65,6.5,1,38,0,5.85,1,Lost,No,35.6
M-2018-IPL-085,2018-07-10,2018,IPL,Indian Premier League 2018,Mumbai Indians,Kolkata Knight Riders,"Rajiv Gandhi Stadium, Hyderabad",India,Away,1,6,17,13,3,1,lbw,130.77,3.4,0,18,0,5.29,3,Lost,No,50.6
M-2018-ODI-072,2018-07-12,2018,ODI,International Series 2018,India,West Indies,"PCA Stadium, Mohali",India,Away,1,6,22,16,0,1,bowled,137.5,9.5,1,37,0,3.89,0,Won,No,37.6
M-2018-IPL-151,2018-07-18,2018,IPL,Indian Premier League 2018,Mumbai Indians,Chennai Super Kings,"Arun Jaitley Stadium, Delhi",India,Home,1,6,18,12,0,0,lbw,150,3.2,0,17,0,5.31,0,Lost,No,30.5
M-2018-TEST-025,2018-08-01,2018,Test,International Series 2018,India,Afghanistan,"Narendra Modi Stadium, Ahmedabad",India,Home,1,7,37,25,3,0,not out,148,7.2,0,51,1,7.08,1,Won,No,74.2
M-2018-IPL-052,2018-08-04,2018,IPL,Indian Premier League 2018,Mumbai Indians,Chennai Super Kings,"Narendra Modi Stadium, Ahmedabad",India,Home,1,6,27,23,2,0,not out,117.39,2.3,0,24,0,10.43,0,Won,No,29.6
M-TEST-002,2018-08-18,2018,Test,India tour of England,India,England,"Trent Bridge, Nottingham",England,Away,1,7,70,62,10,1,not out,112.9,17,2,50,6,2.94,2,Won,Yes,184.2
M-2018-TEST-028,2018-09-06,2018,Test,International Series 2018,India,Pakistan,"Wankhede Stadium, Mumbai",India,Home,1,7,34,28,4,1,bowled,121.43,14.1,0,64,2,4.54,1,Won,No,96.7
M-2018-ODI-036,2018-09-09,2018,ODI,International Series 2018,India,England,"MA Chidambaram Stadium, Chennai",India,Home,1,6,9,6,0,0,caught,150,6,1,35,0,5.83,0,Won,No,21.5
M-2018-IPL-090,2018-09-14,2018,IPL,Indian Premier League 2018,Mumbai Indians,Sunrisers Hyderabad,"Arun Jaitley Stadium, Delhi",India,Away,1,6,14,9,1,1,not out,155.56,2.4,0,17,0,7.08,0,Won,No,22.3
M-2018-IPL-135,2018-10-18,2018,IPL,Indian Premier League 2018,Mumbai Indians,Rajasthan Royals,"HPCA Stadium, Dharamsala",India,Home,1,6,13,10,2,1,caught,130,2.4,0,14,0,5.83,0,Lost,No,22.5
M-2018-ODI-064,2018-11-01,2018,ODI,International Series 2018,India,Afghanistan,"Eden Gardens, Kolkata",India,Away,1,6,21,15,0,0,bowled,140,7,0,28,1,4,0,Won,No,59
M-2018-TEST-024,2018-11-15,2018,Test,International Series 2018,India,Pakistan,"PCA Stadium, Mohali",India,Home,1,7,43,37,5,0,lbw,116.22,16.4,1,58,2,3.54,0,Won,No,99.4
M-2018-IPL-081,2018-11-22,2018,IPL,Indian Premier League 2018,Mumbai Indians,Sunrisers Hyderabad,"Wankhede Stadium, Mumbai",India,Away,1,6,23,17,1,0,lbw,135.29,2.5,0,21,0,8.4,0,Won,No,28.3
M-2018-T20I-083,2018-11-25,2018,T20I,International Series 2018,India,New Zealand,"Wankhede Stadium, Mumbai",India,Away,1,6,15,11,1,2,bowled,136.36,2.1,0,21,1,10,0,Lost,No,42.5
M-2018-IPL-132,2018-11-25,2018,IPL,Indian Premier League 2018,Mumbai Indians,Punjab Kings,"PCA Stadium, Mohali",India,Home,1,6,16,12,3,0,caught,133.33,3.3,0,16,1,4.85,1,Won,No,58.5
M-2018-T20I-109,2018-12-08,2018,T20I,International Series 2018,India,Pakistan,"Rajiv Gandhi Stadium, Hyderabad",India,Home,1,6,11,8,0,1,not out,137.5,3.4,0,34,2,10,1,Won,No,68.6
M-2018-IPL-128,2018-12-12,2018,IPL,Indian Premier League 2018,Mumbai Indians,Delhi Capitals,"Eden Gardens, Kolkata",India,Away,1,6,11,10,1,1,bowled,110,2.2,0,22,0,10,0,Won,No,12.5
M-2018-ODI-071,2018-12-16,2018,ODI,International Series 2018,India,England,"Eden Gardens, Kolkata",India,Home,1,6,16,12,0,2,lbw,133.33,9.4,0,45,1,4.79,0,Won,No,50.5
M-2018-IPL-042,2018-12-21,2018,IPL,Indian Premier League 2018,Mumbai Indians,Royal Challengers Bengaluru,"M Chinnaswamy Stadium, Bengaluru",India,Home,1,6,18,16,4,0,caught,112.5,3,0,27,1,9,1,Won,No,49.9
M-2019-IPL-022,2019-01-03,2019,IPL,Indian Premier League 2019,Mumbai Indians,Lucknow Super Giants,"Arun Jaitley Stadium, Delhi",India,Away,1,6,11,8,3,0,caught,137.5,3.1,0,17,1,5.48,0,Lost,No,43.6
M-2019-T20I-115,2019-01-12,2019,T20I,International Series 2019,India,Afghanistan,"Eden Gardens, Kolkata",India,Home,1,6,15,13,0,2,lbw,115.38,2.5,0,27,0,10.8,2,Lost,No,33.3
M-2019-T20I-030,2019-01-24,2019,T20I,International Series 2019,India,Bangladesh,"PCA Stadium, Mohali",India,Away,1,6,16,13,0,1,caught,123.08,3.1,0,18,4,5.81,0,Won,Yes,112.5
M-2019-IPL-080,2019-02-03,2019,IPL,Indian Premier League 2019,Mumbai Indians,Rajasthan Royals,"HPCA Stadium, Dharamsala",India,Away,1,6,15,11,1,0,bowled,136.36,3.2,0,27,1,8.44,0,Won,No,42.5
M-2019-ODI-089,2019-02-06,2019,ODI,International Series 2019,India,Afghanistan,"Narendra Modi Stadium, Ahmedabad",India,Home,1,6,14,12,1,1,caught,116.67,5.3,0,27,1,5.09,0,Won,No,43.5
M-2019-IPL-097,2019-02-12,2019,IPL,Indian Premier League 2019,Mumbai Indians,Lucknow Super Giants,"Arun Jaitley Stadium, Delhi",India,Home,1,6,14,11,2,0,lbw,127.27,3,0,19,1,6.33,1,Won,No,50.6
M-2019-T20I-110,2019-02-18,2019,T20I,International Series 2019,India,Zimbabwe,"Arun Jaitley Stadium, Delhi",India,Home,1,6,14,10,0,2,not out,140,2.5,0,19,1,7.6,1,Lost,No,50
M-2019-IPL-066,2019-03-01,2019,IPL,Indian Premier League 2019,Mumbai Indians,Rajasthan Royals,"Arun Jaitley Stadium, Delhi",India,Home,1,6,16,11,2,1,not out,145.45,3,0,17,0,5.67,4,Won,No,59.8
M-2019-IPL-038,2019-03-16,2019,IPL,Indian Premier League 2019,Mumbai Indians,Delhi Capitals,"Rajiv Gandhi Stadium, Hyderabad",India,Home,1,6,16,12,0,0,lbw,133.33,2.4,0,10,0,4.17,1,Lost,No,36.5
M-2019-IPL-095,2019-03-20,2019,IPL,Indian Premier League 2019,Mumbai Indians,Kolkata Knight Riders,"M Chinnaswamy Stadium, Bengaluru",India,Home,1,6,21,15,3,4,caught,140,2.4,0,16,2,6.67,0,Won,No,73.5
M-2019-T20I-108,2019-03-24,2019,T20I,International Series 2019,India,West Indies,"HPCA Stadium, Dharamsala",India,Away,1,6,19,17,0,2,bowled,111.76,2.3,0,29,3,12.61,0,Lost,No,86.8
M-2019-IPL-086,2019-04-09,2019,IPL,Indian Premier League 2019,Mumbai Indians,Rajasthan Royals,"Arun Jaitley Stadium, Delhi",India,Home,1,6,21,15,2,1,caught,140,2.2,0,19,0,8.64,0,Lost,No,27
M-2019-T20I-037,2019-04-12,2019,T20I,International Series 2019,India,Zimbabwe,"HPCA Stadium, Dharamsala",India,Away,1,6,16,14,1,1,lbw,114.29,2,0,24,1,12,0,Won,No,40.1
M-2019-ODI-084,2019-04-17,2019,ODI,International Series 2019,India,New Zealand,"Eden Gardens, Kolkata",India,Home,1,6,16,11,4,0,bowled,145.45,5.1,0,39,2,7.65,0,Won,No,66.8
M-IPL-002,2019-04-28,2019,IPL,Indian Premier League 2019,Mumbai Indians,Kolkata Knight Riders,"Eden Gardens, Kolkata",India,Away,1,4,91,34,6,9,caught,267.65,4,0,44,1,11,0,Lost,No,142.5
M-2019-ODI-056,2019-05-05,2019,ODI,International Series 2019,India,Australia,"Rajiv Gandhi Stadium, Hyderabad",India,Away,1,6,22,19,1,2,not out,115.79,8.4,0,41,2,4.88,0,Lost,No,75.9
M-2019-ODI-050,2019-05-11,2019,ODI,International Series 2019,India,South Africa,"PCA Stadium, Mohali",India,Away,1,6,19,15,0,1,lbw,126.67,8.3,0,47,0,5.66,0,Lost,No,28
M-2019-T20I-093,2019-05-24,2019,T20I,International Series 2019,India,Bangladesh,"PCA Stadium, Mohali",India,Away,1,6,19,14,2,0,caught,135.71,3.2,0,16,2,5,2,Won,No,89.4
M-2019-ODI-063,2019-06-04,2019,ODI,International Series 2019,India,New Zealand,"Wankhede Stadium, Mumbai",India,Home,1,6,24,18,1,0,not out,133.33,5.4,0,32,2,5.93,0,Lost,No,78
M-2019-T20I-116,2019-07-11,2019,T20I,International Series 2019,India,Afghanistan,"Arun Jaitley Stadium, Delhi",India,Away,1,6,18,15,2,1,lbw,120,2.5,0,32,1,12.8,0,Won,No,43
M-2019-IPL-056,2019-07-21,2019,IPL,Indian Premier League 2019,Mumbai Indians,Royal Challengers Bengaluru,"Arun Jaitley Stadium, Delhi",India,Away,1,6,28,21,1,3,lbw,133.33,3,0,14,0,4.67,0,Won,No,40.5
M-2019-T20I-044,2019-08-02,2019,T20I,International Series 2019,India,Afghanistan,"MA Chidambaram Stadium, Chennai",India,Home,1,6,31,23,2,1,lbw,134.78,3.1,0,22,2,7.1,0,Lost,No,80.2
M-2019-IPL-121,2019-08-08,2019,IPL,Indian Premier League 2019,Mumbai Indians,Kolkata Knight Riders,"MA Chidambaram Stadium, Chennai",India,Away,1,6,12,8,2,0,bowled,150,2.3,0,14,0,6.09,1,Won,No,30
M-2019-ODI-083,2019-09-04,2019,ODI,International Series 2019,India,Afghanistan,"Eden Gardens, Kolkata",India,Away,1,6,20,16,3,0,lbw,125,5.3,1,41,2,7.74,0,Won,No,67.8
M-2019-T20I-024,2019-09-11,2019,T20I,International Series 2019,India,Zimbabwe,"Eden Gardens, Kolkata",India,Home,1,6,10,8,1,0,caught,125,3.3,0,21,0,6.36,0,Lost,No,16.2
M-2019-T20I-091,2019-10-05,2019,T20I,International Series 2019,India,New Zealand,"Wankhede Stadium, Mumbai",India,Home,1,6,12,10,0,2,lbw,120,3.4,0,19,1,5.59,0,Won,No,42
M-2019-IPL-072,2019-10-06,2019,IPL,Indian Premier League 2019,Mumbai Indians,Rajasthan Royals,"M Chinnaswamy Stadium, Bengaluru",India,Home,1,6,23,15,1,0,bowled,153.33,2.4,0,14,1,5.83,1,Won,No,66
M-2019-IPL-024,2019-10-07,2019,IPL,Indian Premier League 2019,Mumbai Indians,Sunrisers Hyderabad,"HPCA Stadium, Dharamsala",India,Home,1,6,28,23,2,0,caught,121.74,3.5,0,20,0,5.71,0,Lost,No,36.3
M-2019-IPL-104,2019-11-07,2019,IPL,Indian Premier League 2019,Mumbai Indians,Rajasthan Royals,"MA Chidambaram Stadium, Chennai",India,Home,1,6,16,14,2,0,caught,114.29,2.5,0,18,0,7.2,0,Lost,No,18.1
M-2019-T20I-040,2019-11-12,2019,T20I,International Series 2019,India,Afghanistan,"M Chinnaswamy Stadium, Bengaluru",India,Home,1,6,10,8,2,0,caught,125,2.4,0,21,1,8.75,0,Lost,No,35.8
M-2019-T20I-111,2019-11-16,2019,T20I,International Series 2019,India,New Zealand,"Narendra Modi Stadium, Ahmedabad",India,Away,1,6,16,12,4,0,bowled,133.33,3,0,27,1,9,0,Won,No,43
M-2019-ODI-049,2019-11-17,2019,ODI,International Series 2019,India,Sri Lanka,"M Chinnaswamy Stadium, Bengaluru",India,Away,1,6,9,6,2,2,not out,150,5,0,39,0,7.8,0,Lost,No,16.5
M-2019-IPL-040,2019-11-23,2019,IPL,Indian Premier League 2019,Mumbai Indians,Kolkata Knight Riders,"HPCA Stadium, Dharamsala",India,Away,1,6,12,8,2,2,caught,150,2.1,0,16,0,7.62,0,Won,No,19.5
M-2019-T20I-084,2019-11-27,2019,T20I,International Series 2019,India,Pakistan,"PCA Stadium, Mohali",India,Away,1,6,25,21,2,0,caught,119.05,2.1,0,27,1,12.86,0,Lost,No,49.9
M-2019-T20I-113,2019-12-26,2019,T20I,International Series 2019,India,Ireland,"HPCA Stadium, Dharamsala",India,Home,1,6,8,7,1,0,lbw,114.29,3.2,0,22,0,6.88,0,Won,No,12.6
M-2019-IPL-020,2019-12-27,2019,IPL,Indian Premier League 2019,Mumbai Indians,Royal Challengers Bengaluru,"Narendra Modi Stadium, Ahmedabad",India,Home,1,6,24,21,0,0,caught,114.29,2.1,0,14,1,6.67,1,Won,No,58.6
M-2020-T20I-078,2020-01-02,2020,T20I,International Series 2020,India,Australia,"Arun Jaitley Stadium, Delhi",India,Away,1,6,15,13,1,0,lbw,115.38,2.3,0,24,0,10.43,1,Won,No,25.3
M-2020-IPL-129,2020-02-04,2020,IPL,Indian Premier League 2020,Mumbai Indians,Chennai Super Kings,"Wankhede Stadium, Mumbai",India,Home,1,6,10,7,0,2,caught,142.86,2.5,0,30,1,12,2,Lost,No,54.4
M-2020-ODI-093,2020-02-17,2020,ODI,International Series 2020,India,South Africa,"Arun Jaitley Stadium, Delhi",India,Away,1,6,18,13,0,1,caught,138.46,5.1,0,39,2,7.65,0,Won,No,67.8
M-2020-T20I-056,2020-03-12,2020,T20I,International Series 2020,India,South Africa,"Eden Gardens, Kolkata",India,Away,1,6,17,13,1,0,not out,130.77,3.3,0,22,0,6.67,0,Lost,No,24.1
M-2020-IPL-071,2020-04-06,2020,IPL,Indian Premier League 2020,Mumbai Indians,Delhi Capitals,"Narendra Modi Stadium, Ahmedabad",India,Away,1,6,13,10,0,1,bowled,130,3,0,23,0,7.67,0,Lost,No,17.5
M-2020-T20I-026,2020-04-08,2020,T20I,International Series 2020,India,Afghanistan,"Narendra Modi Stadium, Ahmedabad",India,Away,1,6,11,10,0,0,bowled,110,3.4,0,20,3,5.88,0,Won,Yes,83.5
M-2020-T20I-062,2020-05-01,2020,T20I,International Series 2020,India,Australia,"Narendra Modi Stadium, Ahmedabad",India,Away,1,6,14,11,1,1,lbw,127.27,2.4,0,26,2,10.83,0,Won,No,62.1
M-2020-IPL-134,2020-05-19,2020,IPL,Indian Premier League 2020,Mumbai Indians,Lucknow Super Giants,"Narendra Modi Stadium, Ahmedabad",India,Away,1,6,21,18,0,0,lbw,116.67,3.2,0,18,1,5.62,2,Lost,No,66.5
M-2020-IPL-074,2020-06-09,2020,IPL,Indian Premier League 2020,Mumbai Indians,Sunrisers Hyderabad,"Narendra Modi Stadium, Ahmedabad",India,Home,1,6,15,11,1,2,caught,136.36,2.3,0,20,0,8.7,2,Won,No,36.5
M-2020-IPL-093,2020-06-12,2020,IPL,Indian Premier League 2020,Mumbai Indians,Delhi Capitals,"MA Chidambaram Stadium, Chennai",India,Home,1,6,18,15,1,1,bowled,120,3.1,0,23,1,7.42,2,Won,No,59
M-2020-IPL-096,2020-06-25,2020,IPL,Indian Premier League 2020,Mumbai Indians,Lucknow Super Giants,"MA Chidambaram Stadium, Chennai",India,Away,1,6,20,17,1,1,caught,117.65,2.3,0,10,0,4.35,0,Won,No,30.1
M-2020-IPL-037,2020-07-14,2020,IPL,Indian Premier League 2020,Mumbai Indians,Chennai Super Kings,"Arun Jaitley Stadium, Delhi",India,Home,1,6,15,12,4,0,caught,125,3.1,0,24,1,7.74,0,Lost,No,40.8
M-2020-IPL-102,2020-08-02,2020,IPL,Indian Premier League 2020,Mumbai Indians,Sunrisers Hyderabad,"Arun Jaitley Stadium, Delhi",India,Away,1,6,23,15,2,2,caught,153.33,2.2,0,18,0,8.18,0,Won,No,31
M-2020-IPL-148,2020-08-25,2020,IPL,Indian Premier League 2020,Mumbai Indians,Chennai Super Kings,"HPCA Stadium, Dharamsala",India,Away,1,6,25,22,2,2,not out,113.64,2.5,0,16,0,6.4,2,Lost,No,45.5
M-2020-ODI-092,2020-09-16,2020,ODI,International Series 2020,India,Ireland,"PCA Stadium, Mohali",India,Away,1,6,17,15,2,3,bowled,113.33,5.3,1,30,1,5.66,0,Won,No,46
M-2020-ODI-045,2020-09-26,2020,ODI,International Series 2020,India,Pakistan,"Rajiv Gandhi Stadium, Hyderabad",India,Home,1,6,17,13,3,0,bowled,130.77,4.2,0,39,1,9.29,0,Won,No,43.6
M-2020-ODI-020,2020-10-03,2020,ODI,International Series 2020,India,Australia,"Wankhede Stadium, Mumbai",India,Home,1,6,20,17,0,2,caught,117.65,4.2,0,41,0,9.76,0,Won,No,22.6
M-2020-IPL-131,2020-10-14,2020,IPL,Indian Premier League 2020,Mumbai Indians,Punjab Kings,"Eden Gardens, Kolkata",India,Home,1,6,33,27,2,3,bowled,122.22,3,0,14,1,4.67,0,Won,No,65.8
M-2020-ODI-101,2020-10-24,2020,ODI,International Series 2020,India,Pakistan,"Narendra Modi Stadium, Ahmedabad",India,Home,1,6,12,10,2,0,lbw,120,9.1,1,39,0,4.29,0,Won,No,22.5
M-2020-IPL-150,2020-10-24,2020,IPL,Indian Premier League 2020,Mumbai Indians,Rajasthan Royals,"PCA Stadium, Mohali",India,Away,1,6,14,12,0,0,bowled,116.67,2.4,0,23,1,9.58,3,Won,No,62.5
M-2020-IPL-154,2020-10-27,2020,IPL,Indian Premier League 2020,Mumbai Indians,Punjab Kings,"Wankhede Stadium, Mumbai",India,Away,1,6,25,19,1,2,bowled,131.58,2.3,0,18,0,7.83,0,Lost,No,29.7
M-2020-ODI-052,2020-11-10,2020,ODI,International Series 2020,India,Sri Lanka,"MA Chidambaram Stadium, Chennai",India,Away,1,6,18,13,0,1,lbw,138.46,9.4,0,36,2,3.83,0,Won,No,77.8
M-ODI-002,2020-12-02,2020,ODI,India tour of Australia,India,Australia,"Manuka Oval, Canberra",Australia,Away,1,6,92,76,7,1,not out,121.05,0,0,0,0,0,1,Won,Yes,125
M-2020-IPL-101,2020-12-24,2020,IPL,Indian Premier League 2020,Mumbai Indians,Sunrisers Hyderabad,"MA Chidambaram Stadium, Chennai",India,Away,1,6,17,15,0,3,caught,113.33,2.4,0,17,0,7.08,0,Won,No,19
M-2021-IPL-075,2021-01-17,2021,IPL,Indian Premier League 2021,Mumbai Indians,Delhi Capitals,"Rajiv Gandhi Stadium, Hyderabad",India,Away,1,6,15,12,2,2,caught,125,2.5,0,20,0,8,1,Won,No,26.8
M-2021-ODI-028,2021-01-18,2021,ODI,International Series 2021,India,Australia,"Narendra Modi Stadium, Ahmedabad",India,Away,1,6,24,20,1,0,bowled,120,6.5,1,42,1,6.46,1,Won,No,59.5
M-2021-ODI-027,2021-02-26,2021,ODI,International Series 2021,India,England,"Eden Gardens, Kolkata",India,Home,1,6,20,18,2,1,not out,111.11,9.1,0,39,0,4.29,0,Won,No,29.2
M-2021-T20I-054,2021-03-05,2021,T20I,International Series 2021,India,England,"Narendra Modi Stadium, Ahmedabad",India,Home,1,6,13,11,3,1,not out,118.18,2,0,27,1,13.5,0,Won,No,37.7
M-2021-ODI-035,2021-03-07,2021,ODI,International Series 2021,India,Ireland,"Rajiv Gandhi Stadium, Hyderabad",India,Home,1,6,20,15,1,0,caught,133.33,6.3,0,37,1,5.87,1,Won,No,60
M-2021-ODI-044,2021-03-10,2021,ODI,International Series 2021,India,South Africa,"Arun Jaitley Stadium, Delhi",India,Home,1,6,17,13,1,1,lbw,130.77,9,0,42,0,4.67,1,Won,No,37.1
M-2021-IPL-076,2021-03-13,2021,IPL,Indian Premier League 2021,Mumbai Indians,Delhi Capitals,"Narendra Modi Stadium, Ahmedabad",India,Away,1,6,14,9,1,1,lbw,155.56,3.4,0,16,0,4.71,0,Won,No,29.8
M-2021-T20I-045,2021-04-01,2021,T20I,International Series 2021,India,South Africa,"PCA Stadium, Mohali",India,Home,1,6,16,14,0,0,not out,114.29,3,0,25,0,8.33,0,Won,No,18.1
M-2021-IPL-140,2021-04-01,2021,IPL,Indian Premier League 2021,Mumbai Indians,Chennai Super Kings,"Eden Gardens, Kolkata",India,Home,1,6,20,15,1,1,not out,133.33,3.2,0,23,0,7.19,0,Won,No,25
M-2021-T20I-028,2021-04-05,2021,T20I,International Series 2021,India,Ireland,"MA Chidambaram Stadium, Chennai",India,Away,1,6,7,5,1,1,not out,140,2.5,0,29,1,11.6,0,Won,No,35
M-2021-IPL-092,2021-04-14,2021,IPL,Indian Premier League 2021,Mumbai Indians,Delhi Capitals,"PCA Stadium, Mohali",India,Home,1,6,17,12,0,2,lbw,141.67,2,0,19,1,9.5,0,Won,No,45.3
M-2021-ODI-029,2021-04-15,2021,ODI,International Series 2021,India,Zimbabwe,"PCA Stadium, Mohali",India,Away,1,6,26,20,3,0,not out,130,7.5,1,44,1,5.87,0,Won,No,57.5
M-2021-IPL-142,2021-04-19,2021,IPL,Indian Premier League 2021,Mumbai Indians,Sunrisers Hyderabad,"Eden Gardens, Kolkata",India,Home,1,6,14,10,0,0,bowled,140,2.5,0,25,0,10,0,Lost,No,20
M-2021-IPL-088,2021-04-25,2021,IPL,Indian Premier League 2021,Mumbai Indians,Royal Challengers Bengaluru,"M Chinnaswamy Stadium, Bengaluru",India,Away,1,6,9,7,1,1,not out,128.57,2.1,0,26,0,12.38,0,Lost,No,13.3
M-2021-IPL-046,2021-04-27,2021,IPL,Indian Premier League 2021,Mumbai Indians,Rajasthan Royals,"Arun Jaitley Stadium, Delhi",India,Home,1,6,19,14,1,2,bowled,135.71,2.3,0,31,1,13.48,0,Won,No,46.4
M-2021-T20I-076,2021-05-03,2021,T20I,International Series 2021,India,England,"Rajiv Gandhi Stadium, Hyderabad",India,Away,1,6,15,12,2,2,bowled,125,3.1,0,34,2,10.97,1,Won,No,70.8
M-2021-ODI-078,2021-05-15,2021,ODI,International Series 2021,India,Pakistan,"HPCA Stadium, Dharamsala",India,Away,1,6,12,9,1,2,lbw,133.33,4.5,0,42,2,9.33,0,Lost,No,61
M-2021-T20I-119,2021-05-22,2021,T20I,International Series 2021,India,Bangladesh,"Narendra Modi Stadium, Ahmedabad",India,Home,1,6,20,14,3,3,not out,142.86,2.4,0,25,1,10.42,0,Won,No,48.4
M-2021-ODI-095,2021-06-02,2021,ODI,International Series 2021,India,West Indies,"Eden Gardens, Kolkata",India,Home,1,6,17,15,1,0,lbw,113.33,9.2,0,38,1,4.13,0,Lost,No,48.5
M-2021-IPL-106,2021-06-08,2021,IPL,Indian Premier League 2021,Mumbai Indians,Chennai Super Kings,"HPCA Stadium, Dharamsala",India,Home,1,6,15,11,3,1,lbw,136.36,3.1,0,16,0,5.16,0,Won,No,25.5
M-2021-IPL-021,2021-06-19,2021,IPL,Indian Premier League 2021,Mumbai Indians,Chennai Super Kings,"Narendra Modi Stadium, Ahmedabad",India,Home,1,6,21,17,2,1,lbw,123.53,2.2,0,21,0,9.55,0,Won,No,24.5
M-2021-T20I-047,2021-06-25,2021,T20I,International Series 2021,India,Ireland,"Wankhede Stadium, Mumbai",India,Home,1,6,17,13,2,0,lbw,130.77,2.3,0,33,1,14.35,0,Won,No,43.6
M-2021-IPL-144,2021-07-02,2021,IPL,Indian Premier League 2021,Mumbai Indians,Rajasthan Royals,"Wankhede Stadium, Mumbai",India,Away,1,6,19,17,0,0,caught,111.76,3.2,0,22,0,6.88,0,Won,No,23.3
M-2021-IPL-067,2021-07-05,2021,IPL,Indian Premier League 2021,Mumbai Indians,Rajasthan Royals,"Eden Gardens, Kolkata",India,Home,1,6,26,23,2,2,lbw,113.04,3.3,0,20,0,6.06,2,Won,No,46.5
M-2021-ODI-070,2021-07-13,2021,ODI,International Series 2021,India,Bangladesh,"M Chinnaswamy Stadium, Bengaluru",India,Home,1,6,18,14,2,2,bowled,128.57,7.3,1,38,1,5.21,0,Lost,No,49.3
M-2021-IPL-059,2021-07-25,2021,IPL,Indian Premier League 2021,Mumbai Indians,Chennai Super Kings,"MA Chidambaram Stadium, Chennai",India,Home,1,6,15,10,1,1,lbw,150,3.2,0,25,1,7.81,0,Won,No,44.5
M-2021-T20I-114,2021-09-02,2021,T20I,International Series 2021,India,Sri Lanka,"Wankhede Stadium, Mumbai",India,Away,1,6,15,13,2,1,caught,115.38,3.4,0,17,1,5,0,Won,No,44.3
M-2021-T20I-070,2021-09-17,2021,T20I,International Series 2021,India,South Africa,"Rajiv Gandhi Stadium, Hyderabad",India,Home,1,6,17,14,2,0,lbw,121.43,2,0,29,0,14.5,0,Won,No,20.2
M-2021-T20I-075,2021-10-02,2021,T20I,International Series 2021,India,England,"Eden Gardens, Kolkata",India,Away,1,6,13,11,1,1,not out,118.18,3.2,0,20,1,6.25,1,Lost,No,48.2
M-2021-ODI-069,2021-11-16,2021,ODI,International Series 2021,India,Pakistan,"Eden Gardens, Kolkata",India,Away,1,6,20,15,2,2,lbw,133.33,5.1,1,35,2,6.86,1,Lost,No,79.5
M-2021-IPL-139,2021-12-10,2021,IPL,Indian Premier League 2021,Mumbai Indians,Chennai Super Kings,"Eden Gardens, Kolkata",India,Home,1,6,19,14,0,1,lbw,135.71,3.4,0,19,0,5.59,1,Won,No,37.4
M-2021-IPL-029,2021-12-12,2021,IPL,Indian Premier League 2021,Mumbai Indians,Lucknow Super Giants,"M Chinnaswamy Stadium, Bengaluru",India,Home,1,6,22,18,0,0,lbw,122.22,3.5,0,16,0,4.57,1,Won,No,40.8
M-2021-ODI-065,2021-12-15,2021,ODI,International Series 2021,India,Afghanistan,"HPCA Stadium, Dharamsala",India,Home,1,6,26,19,4,1,not out,136.84,5.2,0,33,0,6.35,0,Lost,No,34
M-2021-ODI-097,2021-12-20,2021,ODI,International Series 2021,India,Pakistan,"Arun Jaitley Stadium, Delhi",India,Away,1,6,16,14,2,0,lbw,114.29,5.1,0,27,0,5.29,1,Won,No,31.1
M-2021-T20I-021,2021-12-20,2021,T20I,International Series 2021,India,Pakistan,"PCA Stadium, Mohali",India,Away,1,6,20,15,4,0,not out,133.33,3.5,0,23,0,6.57,0,Won,No,27.5
M-2022-IPL-149,2022-01-05,2022,IPL,Indian Premier League 2022,Gujarat Titans,Punjab Kings,"Eden Gardens, Kolkata",India,Away,1,4,18,13,2,0,caught,138.46,3,0,23,0,7.67,1,Won,No,31.8
M-2022-IPL-153,2022-01-05,2022,IPL,Indian Premier League 2022,Gujarat Titans,Royal Challengers Bengaluru,"MA Chidambaram Stadium, Chennai",India,Home,1,4,19,16,3,1,caught,118.75,3.1,0,21,0,6.77,1,Won,No,32.3
M-2022-T20I-079,2022-01-17,2022,T20I,International Series 2022,India,Bangladesh,"PCA Stadium, Mohali",India,Away,1,6,15,11,2,1,bowled,136.36,2,0,19,3,9.5,1,Lost,No,94.5
M-2022-T20I-048,2022-01-25,2022,T20I,International Series 2022,India,New Zealand,"MA Chidambaram Stadium, Chennai",India,Away,1,6,20,14,1,0,bowled,142.86,3.4,0,28,1,8.24,0,Won,No,48.4
M-2022-IPL-049,2022-03-10,2022,IPL,Indian Premier League 2022,Gujarat Titans,Lucknow Super Giants,"Eden Gardens, Kolkata",India,Home,1,4,20,16,0,2,caught,125,3.1,0,17,0,5.48,0,Lost,No,28.8
M-2022-T20I-063,2022-03-26,2022,T20I,International Series 2022,India,Australia,"HPCA Stadium, Dharamsala",India,Away,1,6,14,11,1,0,bowled,127.27,3.2,0,21,0,6.56,1,Won,No,28.6
M-2022-T20I-038,2022-04-05,2022,T20I,International Series 2022,India,Afghanistan,"HPCA Stadium, Dharamsala",India,Away,1,6,15,13,1,1,bowled,115.38,2,0,28,0,14,0,Lost,No,17.3
M-2022-T20I-043,2022-04-12,2022,T20I,International Series 2022,India,Zimbabwe,"Wankhede Stadium, Mumbai",India,Home,1,6,14,12,1,0,lbw,116.67,2,0,22,1,11,2,Won,No,54.5
M-2022-IPL-078,2022-04-16,2022,IPL,Indian Premier League 2022,Gujarat Titans,Kolkata Knight Riders,"Rajiv Gandhi Stadium, Hyderabad",India,Away,1,4,19,13,0,0,not out,146.15,3.4,0,27,1,7.94,0,Won,No,47.9
M-2022-T20I-061,2022-04-23,2022,T20I,International Series 2022,India,Pakistan,"Rajiv Gandhi Stadium, Hyderabad",India,Away,1,6,16,11,2,0,lbw,145.45,3.1,0,19,1,6.13,0,Lost,No,47.3
M-2022-IPL-083,2022-04-23,2022,IPL,Indian Premier League 2022,Gujarat Titans,Royal Challengers Bengaluru,"Narendra Modi Stadium, Ahmedabad",India,Away,1,4,22,16,3,1,bowled,137.5,3.1,0,24,1,7.74,0,Lost,No,49.6
M-2022-IPL-113,2022-05-09,2022,IPL,Indian Premier League 2022,Gujarat Titans,Royal Challengers Bengaluru,"MA Chidambaram Stadium, Chennai",India,Home,1,4,13,11,0,1,caught,118.18,3.5,0,18,1,5.14,0,Lost,No,42.7
M-2022-IPL-026,2022-05-22,2022,IPL,Indian Premier League 2022,Gujarat Titans,Sunrisers Hyderabad,"Eden Gardens, Kolkata",India,Home,1,4,17,14,2,2,caught,121.43,2.4,0,21,1,8.75,1,Won,No,50.2
M-IPL-001,2022-05-29,2022,IPL,IPL 2022 Final,Gujarat Titans,Rajasthan Royals,"Narendra Modi Stadium, Ahmedabad",India,Home,1,4,34,30,3,2,caught,113.33,4,0,17,3,4.25,0,Won,Yes,138.5
M-2022-T20I-095,2022-06-22,2022,T20I,International Series 2022,India,Afghanistan,"HPCA Stadium, Dharamsala",India,Away,1,6,11,9,2,0,caught,122.22,3.5,0,24,0,6.86,0,Lost,No,16.8
M-2022-IPL-077,2022-06-23,2022,IPL,Indian Premier League 2022,Gujarat Titans,Kolkata Knight Riders,"Eden Gardens, Kolkata",India,Away,1,4,21,15,3,0,caught,140,2.3,0,21,0,9.13,0,Won,No,27
M-2022-T20I-041,2022-06-23,2022,T20I,International Series 2022,India,West Indies,"Rajiv Gandhi Stadium, Hyderabad",India,Away,1,6,10,8,0,0,not out,125,2.3,0,23,1,10,0,Lost,No,35.8
M-2022-IPL-141,2022-06-25,2022,IPL,Indian Premier League 2022,Gujarat Titans,Kolkata Knight Riders,"Arun Jaitley Stadium, Delhi",India,Away,1,4,15,10,2,1,caught,150,2.4,0,17,0,7.08,1,Lost,No,30.5
M-2022-T20I-086,2022-06-26,2022,T20I,International Series 2022,India,Bangladesh,"M Chinnaswamy Stadium, Bengaluru",India,Home,1,6,11,8,3,0,not out,137.5,2.1,0,25,2,11.9,0,Won,No,60.6
M-2022-ODI-048,2022-07-03,2022,ODI,International Series 2022,India,South Africa,"M Chinnaswamy Stadium, Bengaluru",India,Home,1,6,22,19,0,0,caught,115.79,9.5,1,31,1,3.26,0,Lost,No,56.4
M-2022-T20I-104,2022-07-11,2022,T20I,International Series 2022,India,New Zealand,"PCA Stadium, Mohali",India,Home,1,6,12,10,1,1,caught,120,3,0,36,1,12,0,Lost,No,37
M-ODI-003,2022-07-17,2022,ODI,India tour of England,India,England,"Old Trafford, Manchester",England,Away,1,5,71,55,10,1,caught,129.09,7,3,24,4,3.43,1,Won,Yes,192.5
M-2022-IPL-058,2022-07-17,2022,IPL,Indian Premier League 2022,Gujarat Titans,Royal Challengers Bengaluru,"Rajiv Gandhi Stadium, Hyderabad",India,Home,1,4,16,13,2,3,bowled,123.08,3.4,0,22,3,6.47,1,Lost,No,96
M-2022-IPL-032,2022-07-19,2022,IPL,Indian Premier League 2022,Gujarat Titans,Sunrisers Hyderabad,"PCA Stadium, Mohali",India,Home,1,4,18,12,1,1,bowled,150,2.1,0,13,0,6.19,1,Won,No,36
M-2022-IPL-033,2022-07-22,2022,IPL,Indian Premier League 2022,Gujarat Titans,Sunrisers Hyderabad,"HPCA Stadium, Dharamsala",India,Away,1,4,19,15,1,1,lbw,126.67,2.2,0,17,0,7.73,1,Lost,No,31
M-2022-IPL-082,2022-08-05,2022,IPL,Indian Premier League 2022,Gujarat Titans,Kolkata Knight Riders,"PCA Stadium, Mohali",India,Home,1,4,18,13,4,0,caught,138.46,3.1,0,15,0,4.84,0,Won,No,31.3
M-2022-T20I-106,2022-08-26,2022,T20I,International Series 2022,India,Ireland,"Narendra Modi Stadium, Ahmedabad",India,Home,1,6,16,11,1,0,caught,145.45,3.2,0,29,0,9.06,0,Won,No,22.8
M-T20I-002,2022-08-28,2022,T20I,Asia Cup 2022,India,Pakistan,"Dubai International Cricket Stadium",UAE,Neutral,1,5,33,17,4,1,not out,194.12,4,0,25,3,6.25,0,Won,Yes,128.5
M-2022-ODI-094,2022-09-14,2022,ODI,International Series 2022,India,England,"Rajiv Gandhi Stadium, Hyderabad",India,Home,1,6,16,14,2,0,caught,114.29,6.5,1,41,0,6.31,1,Won,No,28.6
M-2022-T20I-100,2022-09-26,2022,T20I,International Series 2022,India,West Indies,"MA Chidambaram Stadium, Chennai",India,Away,1,6,20,15,0,0,bowled,133.33,3,0,23,0,7.67,1,Won,No,33
M-2022-ODI-076,2022-10-10,2022,ODI,International Series 2022,India,West Indies,"Narendra Modi Stadium, Ahmedabad",India,Away,1,6,22,20,2,1,lbw,110,4.3,0,40,2,9.3,0,Lost,No,67.5
M-2022-IPL-130,2022-11-07,2022,IPL,Indian Premier League 2022,Gujarat Titans,Sunrisers Hyderabad,"M Chinnaswamy Stadium, Bengaluru",India,Away,1,4,21,17,0,0,bowled,123.53,3,0,13,1,4.33,1,Lost,No,62
M-T20I-003,2022-11-10,2022,T20I,ICC Men's T20 World Cup,India,England,"Adelaide Oval",Australia,Neutral,1,5,63,33,5,6,hit wicket,190.91,3,0,34,0,11.33,0,Lost,No,78.5
M-2022-ODI-090,2022-11-11,2022,ODI,International Series 2022,India,Zimbabwe,"Wankhede Stadium, Mumbai",India,Away,1,6,22,17,1,0,not out,129.41,8.3,0,43,1,5.18,0,Won,No,53.4
M-2022-ODI-099,2022-11-14,2022,ODI,International Series 2022,India,Sri Lanka,"Wankhede Stadium, Mumbai",India,Home,1,6,10,8,2,0,not out,125,7.1,1,38,1,5.35,0,Lost,No,40.8
M-2022-T20I-032,2022-11-15,2022,T20I,International Series 2022,India,Australia,"Rajiv Gandhi Stadium, Hyderabad",India,Home,1,6,12,9,0,0,bowled,133.33,2.4,0,18,0,7.5,0,Lost,No,17
M-2022-IPL-055,2022-12-03,2022,IPL,Indian Premier League 2022,Gujarat Titans,Kolkata Knight Riders,"Arun Jaitley Stadium, Delhi",India,Home,1,4,25,19,1,1,bowled,131.58,3.3,0,19,0,5.76,0,Won,No,34.7
M-2022-IPL-098,2022-12-15,2022,IPL,Indian Premier League 2022,Gujarat Titans,Royal Challengers Bengaluru,"MA Chidambaram Stadium, Chennai",India,Home,1,4,20,14,2,1,bowled,142.86,2,0,16,0,8,1,Won,No,34.4
M-2022-ODI-030,2022-12-18,2022,ODI,International Series 2022,India,Ireland,"Narendra Modi Stadium, Ahmedabad",India,Home,1,6,20,13,2,0,lbw,153.85,9.4,0,33,0,3.51,0,Lost,No,38.1
M-2022-IPL-112,2022-12-24,2022,IPL,Indian Premier League 2022,Gujarat Titans,Chennai Super Kings,"M Chinnaswamy Stadium, Bengaluru",India,Home,1,4,24,18,0,1,caught,133.33,3.1,0,14,1,4.52,0,Won,No,58.5
M-2023-IPL-073,2023-01-04,2023,IPL,Indian Premier League 2023,Gujarat Titans,Kolkata Knight Riders,"HPCA Stadium, Dharamsala",India,Home,1,4,23,18,1,1,not out,127.78,2.3,0,17,0,7.39,0,Lost,No,27.2
M-2023-ODI-041,2023-01-26,2023,ODI,International Series 2023,India,South Africa,"PCA Stadium, Mohali",India,Home,1,6,17,12,0,0,lbw,141.67,6.2,1,44,1,7.1,1,Won,No,53.3
M-2023-T20I-090,2023-02-10,2023,T20I,International Series 2023,India,Sri Lanka,"Eden Gardens, Kolkata",India,Home,1,6,15,12,1,0,lbw,125,3.4,0,26,1,7.65,0,Lost,No,40.8
M-2023-IPL-126,2023-02-12,2023,IPL,Indian Premier League 2023,Gujarat Titans,Delhi Capitals,"Rajiv Gandhi Stadium, Hyderabad",India,Away,1,4,15,13,1,2,lbw,115.38,2.4,0,25,0,10.42,1,Lost,No,25.3
M-2023-IPL-119,2023-02-21,2023,IPL,Indian Premier League 2023,Gujarat Titans,Sunrisers Hyderabad,"Arun Jaitley Stadium, Delhi",India,Home,1,4,19,17,1,1,not out,111.76,3,0,14,1,4.67,1,Won,No,58.3
M-2023-IPL-068,2023-02-21,2023,IPL,Indian Premier League 2023,Gujarat Titans,Delhi Capitals,"MA Chidambaram Stadium, Chennai",India,Home,1,4,17,13,1,0,bowled,130.77,2.3,0,21,1,9.13,0,Won,No,43.6
M-2023-ODI-024,2023-02-24,2023,ODI,International Series 2023,India,Zimbabwe,"Wankhede Stadium, Mumbai",India,Away,1,6,21,14,1,1,caught,150,4.4,0,39,3,8.86,0,Lost,No,94.5
M-2023-IPL-041,2023-02-27,2023,IPL,Indian Premier League 2023,Gujarat Titans,Chennai Super Kings,"MA Chidambaram Stadium, Chennai",India,Away,1,4,17,12,2,1,lbw,141.67,3,0,26,0,8.67,0,Won,No,23.3
M-2023-IPL-133,2023-03-01,2023,IPL,Indian Premier League 2023,Gujarat Titans,Kolkata Knight Riders,"HPCA Stadium, Dharamsala",India,Home,1,4,16,14,0,0,caught,114.29,3.3,0,25,0,7.58,1,Won,No,26.1
M-2023-IPL-094,2023-03-11,2023,IPL,Indian Premier League 2023,Gujarat Titans,Punjab Kings,"PCA Stadium, Mohali",India,Home,1,4,16,11,2,1,caught,145.45,3.4,0,16,0,4.71,0,Won,No,30.3
M-2023-T20I-025,2023-03-21,2023,T20I,International Series 2023,India,Australia,"M Chinnaswamy Stadium, Bengaluru",India,Home,1,6,15,11,4,1,bowled,136.36,2.4,0,17,2,7.08,1,Won,No,72.5
M-2023-IPL-047,2023-04-15,2023,IPL,Indian Premier League 2023,Gujarat Titans,Royal Challengers Bengaluru,"Arun Jaitley Stadium, Delhi",India,Home,1,4,19,14,0,1,caught,135.71,2.3,0,17,0,7.39,0,Won,No,24.4
M-2023-T20I-027,2023-04-21,2023,T20I,International Series 2023,India,Pakistan,"MA Chidambaram Stadium, Chennai",India,Away,1,6,22,17,3,1,not out,129.41,2.3,0,25,1,10.87,0,Lost,No,48.4
M-2023-T20I-039,2023-04-24,2023,T20I,International Series 2023,India,Afghanistan,"MA Chidambaram Stadium, Chennai",India,Away,1,6,16,12,1,0,caught,133.33,3.3,0,27,1,8.18,0,Lost,No,43
M-2023-T20I-055,2023-04-25,2023,T20I,International Series 2023,India,Australia,"M Chinnaswamy Stadium, Bengaluru",India,Away,1,6,14,10,1,2,caught,140,3.2,0,16,0,5,0,Won,No,25
M-2023-IPL-115,2023-04-26,2023,IPL,Indian Premier League 2023,Gujarat Titans,Chennai Super Kings,"MA Chidambaram Stadium, Chennai",India,Home,1,4,11,9,3,2,bowled,122.22,2.1,0,21,1,10,0,Won,No,36.3
M-2023-IPL-122,2023-05-01,2023,IPL,Indian Premier League 2023,Gujarat Titans,Punjab Kings,"M Chinnaswamy Stadium, Bengaluru",India,Home,1,4,15,10,1,0,caught,150,2,0,14,0,7,0,Lost,No,22.5
M-2023-IPL-114,2023-05-08,2023,IPL,Indian Premier League 2023,Gujarat Titans,Punjab Kings,"Narendra Modi Stadium, Ahmedabad",India,Away,1,4,19,14,1,0,bowled,135.71,3,0,16,0,5.33,2,Won,No,45.4
M-2023-IPL-035,2023-05-16,2023,IPL,Indian Premier League 2023,Gujarat Titans,Kolkata Knight Riders,"Rajiv Gandhi Stadium, Hyderabad",India,Away,1,4,19,17,4,0,lbw,111.76,3.1,0,19,2,6.13,1,Lost,No,75.3
M-2023-T20I-081,2023-05-27,2023,T20I,International Series 2023,India,Bangladesh,"PCA Stadium, Mohali",India,Away,1,6,14,10,1,0,lbw,140,3.1,0,24,1,7.74,0,Won,No,42
M-2023-T20I-085,2023-06-07,2023,T20I,International Series 2023,India,Ireland,"Rajiv Gandhi Stadium, Hyderabad",India,Home,1,6,16,12,3,2,bowled,133.33,3.3,0,17,0,5.15,2,Lost,No,42
M-2023-IPL-124,2023-06-10,2023,IPL,Indian Premier League 2023,Gujarat Titans,Punjab Kings,"MA Chidambaram Stadium, Chennai",India,Home,1,4,12,9,2,2,not out,133.33,3.3,0,13,0,3.94,0,Lost,No,27
M-2023-T20I-050,2023-06-22,2023,T20I,International Series 2023,India,Bangladesh,"Wankhede Stadium, Mumbai",India,Home,1,6,14,11,2,1,caught,127.27,3.4,0,21,1,6.18,1,Won,No,50.6
M-2023-IPL-050,2023-07-02,2023,IPL,Indian Premier League 2023,Gujarat Titans,Lucknow Super Giants,"Wankhede Stadium, Mumbai",India,Home,1,4,14,12,0,0,lbw,116.67,3.4,0,23,0,6.76,0,Lost,No,19
M-2023-ODI-075,2023-07-02,2023,ODI,International Series 2023,India,Zimbabwe,"HPCA Stadium, Dharamsala",India,Home,1,6,15,14,3,0,caught,107.14,8.3,0,36,1,4.34,0,Lost,No,45.6
M-2023-ODI-037,2023-07-18,2023,ODI,International Series 2023,India,Sri Lanka,"Arun Jaitley Stadium, Delhi",India,Home,1,6,15,13,1,0,lbw,115.38,8.3,0,40,2,4.82,0,Won,No,68.8
M-2023-IPL-045,2023-08-18,2023,IPL,Indian Premier League 2023,Gujarat Titans,Sunrisers Hyderabad,"Eden Gardens, Kolkata",India,Home,1,4,23,18,4,0,caught,127.78,3.5,0,13,3,3.71,0,Won,No,103.2
M-2023-IPL-145,2023-09-11,2023,IPL,Indian Premier League 2023,Gujarat Titans,Delhi Capitals,"Rajiv Gandhi Stadium, Hyderabad",India,Away,1,4,18,13,2,2,bowled,138.46,3,0,25,0,8.33,0,Won,No,23.8
M-2023-T20I-103,2023-09-14,2023,T20I,International Series 2023,India,New Zealand,"M Chinnaswamy Stadium, Bengaluru",India,Home,1,6,20,13,1,0,bowled,153.85,3.1,0,22,1,7.1,0,Won,No,50.1
M-2023-IPL-030,2023-10-03,2023,IPL,Indian Premier League 2023,Gujarat Titans,Royal Challengers Bengaluru,"Narendra Modi Stadium, Ahmedabad",India,Home,1,4,14,11,2,2,lbw,127.27,3.3,0,16,1,4.85,1,Lost,No,55.6
M-2023-ODI-054,2023-10-06,2023,ODI,International Series 2023,India,Zimbabwe,"Arun Jaitley Stadium, Delhi",India,Away,1,6,14,10,2,2,caught,140,7.3,0,31,0,4.25,1,Won,No,35.5
M-2023-T20I-102,2023-10-22,2023,T20I,International Series 2023,India,West Indies,"MA Chidambaram Stadium, Chennai",India,Home,1,6,15,11,1,0,not out,136.36,2.2,0,28,1,12.73,0,Won,No,42.5
M-2023-IPL-125,2023-10-23,2023,IPL,Indian Premier League 2023,Gujarat Titans,Lucknow Super Giants,"Wankhede Stadium, Mumbai",India,Away,1,4,16,12,0,1,caught,133.33,3.2,0,12,0,3.75,0,Won,No,31
M-2023-T20I-101,2023-11-02,2023,T20I,International Series 2023,India,New Zealand,"Narendra Modi Stadium, Ahmedabad",India,Home,1,6,8,7,2,0,bowled,114.29,3.1,0,27,0,8.71,0,Lost,No,10.1
M-2023-T20I-064,2023-11-05,2023,T20I,International Series 2023,India,New Zealand,"Narendra Modi Stadium, Ahmedabad",India,Away,1,6,11,10,0,1,lbw,110,2.1,0,26,1,12.38,1,Won,No,42.5
M-2023-IPL-039,2023-11-08,2023,IPL,Indian Premier League 2023,Gujarat Titans,Royal Challengers Bengaluru,"Rajiv Gandhi Stadium, Hyderabad",India,Home,1,4,11,8,0,0,lbw,137.5,3,0,21,0,7,0,Won,No,16.6
M-2023-IPL-099,2023-11-27,2023,IPL,Indian Premier League 2023,Gujarat Titans,Delhi Capitals,"Rajiv Gandhi Stadium, Hyderabad",India,Away,1,4,21,17,0,1,not out,123.53,3.4,0,19,1,5.59,0,Lost,No,51.5
M-2023-T20I-057,2023-12-12,2023,T20I,International Series 2023,India,Pakistan,"HPCA Stadium, Dharamsala",India,Away,1,6,11,8,1,2,lbw,137.5,3.1,0,23,0,7.42,0,Lost,No,16.6
M-2023-ODI-034,2023-12-16,2023,ODI,International Series 2023,India,England,"HPCA Stadium, Dharamsala",India,Home,1,6,12,10,2,0,bowled,120,7.3,0,46,1,6.3,0,Lost,No,39.5
M-2024-ODI-038,2024-01-05,2024,ODI,International Series 2024,India,Afghanistan,"Wankhede Stadium, Mumbai",India,Away,1,6,25,21,2,1,bowled,119.05,8.5,0,29,0,3.41,0,Won,No,37.9
M-2024-T20I-071,2024-02-07,2024,T20I,International Series 2024,India,England,"MA Chidambaram Stadium, Chennai",India,Home,1,6,22,17,1,0,bowled,129.41,2.2,0,22,0,10,2,Won,No,42.4
M-2024-ODI-088,2024-02-20,2024,ODI,International Series 2024,India,Zimbabwe,"Rajiv Gandhi Stadium, Hyderabad",India,Away,1,6,26,20,0,2,caught,130,6.1,1,39,1,6.39,0,Won,No,55
M-2024-IPL-057,2024-02-27,2024,IPL,Indian Premier League 2024,Mumbai Indians,Sunrisers Hyderabad,"Wankhede Stadium, Mumbai",India,Home,1,6,14,10,1,2,not out,140,3.5,0,12,1,3.43,1,Won,No,60
M-2024-IPL-091,2024-03-20,2024,IPL,Indian Premier League 2024,Mumbai Indians,Royal Challengers Bengaluru,"Wankhede Stadium, Mumbai",India,Away,1,6,18,12,2,1,bowled,150,3.2,0,16,0,5,2,Lost,No,46.5
M-2024-T20I-112,2024-03-20,2024,T20I,International Series 2024,India,Sri Lanka,"M Chinnaswamy Stadium, Bengaluru",India,Home,1,6,20,14,2,2,bowled,142.86,3,0,15,0,5,4,Won,No,63.4
M-2024-ODI-091,2024-03-22,2024,ODI,International Series 2024,India,Pakistan,"MA Chidambaram Stadium, Chennai",India,Home,1,6,16,11,3,0,caught,145.45,6.5,0,36,0,5.54,0,Won,No,27.8
M-2024-ODI-062,2024-04-02,2024,ODI,International Series 2024,India,Sri Lanka,"Eden Gardens, Kolkata",India,Away,1,6,12,8,2,0,lbw,150,8.2,1,31,0,3.78,0,Won,No,29.5
M-2024-IPL-061,2024-04-07,2024,IPL,Indian Premier League 2024,Mumbai Indians,Delhi Capitals,"Narendra Modi Stadium, Ahmedabad",India,Home,1,6,20,14,0,2,caught,142.86,2.2,0,21,0,9.55,1,Won,No,34.4
M-2024-IPL-028,2024-04-12,2024,IPL,Indian Premier League 2024,Mumbai Indians,Punjab Kings,"Eden Gardens, Kolkata",India,Away,1,6,14,10,3,1,not out,140,2.1,0,20,0,9.52,0,Won,No,20
M-2024-IPL-147,2024-05-04,2024,IPL,Indian Premier League 2024,Mumbai Indians,Sunrisers Hyderabad,"Arun Jaitley Stadium, Delhi",India,Home,1,6,15,11,1,0,bowled,136.36,3.4,0,21,0,6.18,1,Won,No,31
M-2024-IPL-087,2024-05-05,2024,IPL,Indian Premier League 2024,Mumbai Indians,Chennai Super Kings,"PCA Stadium, Mohali",India,Away,1,6,20,18,2,2,lbw,111.11,2.2,0,15,1,6.82,0,Lost,No,46.2
M-2024-ODI-032,2024-05-10,2024,ODI,International Series 2024,India,New Zealand,"Wankhede Stadium, Mumbai",India,Home,1,6,19,15,0,0,caught,126.67,6.3,0,40,1,6.35,0,Lost,No,47.5
M-2024-IPL-107,2024-06-25,2024,IPL,Indian Premier League 2024,Mumbai Indians,Delhi Capitals,"Rajiv Gandhi Stadium, Hyderabad",India,Home,1,6,14,10,2,0,bowled,140,2.2,0,22,0,10,0,Won,No,20
M-T20I-001,2024-06-29,2024,T20I,ICC Men's T20 World Cup Final,India,South Africa,"Kensington Oval, Bridgetown",West Indies,Neutral,1,6,5,2,1,0,not out,250,3,0,20,3,6.67,0,Won,No,112.5
M-2024-ODI-086,2024-07-06,2024,ODI,International Series 2024,India,Pakistan,"PCA Stadium, Mohali",India,Away,1,6,18,13,3,1,bowled,138.46,7.1,0,41,1,5.77,0,Won,No,50.8
M-2024-ODI-021,2024-07-07,2024,ODI,International Series 2024,India,Zimbabwe,"Wankhede Stadium, Mumbai",India,Home,1,6,23,16,1,1,caught,143.75,6.4,1,37,2,5.78,1,Lost,No,86.6
M-2024-ODI-074,2024-07-09,2024,ODI,International Series 2024,India,Afghanistan,"HPCA Stadium, Dharamsala",India,Away,1,6,13,9,2,0,not out,144.44,9.5,0,47,3,4.95,0,Won,No,93.2
M-2024-ODI-067,2024-07-18,2024,ODI,International Series 2024,India,South Africa,"PCA Stadium, Mohali",India,Away,1,6,11,9,1,0,not out,122.22,9.3,1,35,1,3.76,1,Won,No,54.3
M-2024-ODI-042,2024-07-25,2024,ODI,International Series 2024,India,New Zealand,"Rajiv Gandhi Stadium, Hyderabad",India,Away,1,6,13,11,3,0,bowled,118.18,4.1,0,39,0,9.51,0,Won,No,15.7
M-2024-IPL-044,2024-08-05,2024,IPL,Indian Premier League 2024,Mumbai Indians,Royal Challengers Bengaluru,"Arun Jaitley Stadium, Delhi",India,Away,1,6,18,13,1,1,lbw,138.46,3.5,0,18,1,5.14,0,Won,No,50.8
M-2024-IPL-105,2024-08-07,2024,IPL,Indian Premier League 2024,Mumbai Indians,Sunrisers Hyderabad,"MA Chidambaram Stadium, Chennai",India,Home,1,6,23,15,2,0,not out,153.33,2.3,0,31,1,13.48,1,Won,No,61
M-2024-T20I-065,2024-08-12,2024,T20I,International Series 2024,India,Ireland,"Arun Jaitley Stadium, Delhi",India,Away,1,6,15,12,1,2,bowled,125,2.2,0,12,1,5.45,2,Won,No,61.8
M-2024-ODI-043,2024-09-08,2024,ODI,International Series 2024,India,Ireland,"HPCA Stadium, Dharamsala",India,Away,1,6,17,15,1,1,lbw,113.33,9,0,47,1,5.22,0,Lost,No,46
M-2024-IPL-048,2024-09-14,2024,IPL,Indian Premier League 2024,Mumbai Indians,Royal Challengers Bengaluru,"Eden Gardens, Kolkata",India,Away,1,6,30,24,0,1,lbw,125,3,0,18,1,6,0,Won,No,60.8
M-2024-T20I-033,2024-09-27,2024,T20I,International Series 2024,India,South Africa,"Arun Jaitley Stadium, Delhi",India,Away,1,6,16,13,1,0,bowled,123.08,2.3,0,25,0,10.87,1,Lost,No,27.5
M-2024-T20I-066,2024-10-05,2024,T20I,International Series 2024,India,South Africa,"HPCA Stadium, Dharamsala",India,Home,1,6,12,10,1,0,lbw,120,2.1,0,25,1,11.9,0,Lost,No,37
M-2024-IPL-069,2024-10-12,2024,IPL,Indian Premier League 2024,Mumbai Indians,Sunrisers Hyderabad,"HPCA Stadium, Dharamsala",India,Away,1,6,10,8,2,0,lbw,125,2.4,0,13,0,5.42,0,Lost,No,18.8
M-2024-T20I-059,2024-11-04,2024,T20I,International Series 2024,India,Pakistan,"HPCA Stadium, Dharamsala",India,Away,1,6,21,18,0,1,bowled,116.67,3,0,24,1,8,0,Won,No,45.5
M-2024-IPL-079,2024-11-05,2024,IPL,Indian Premier League 2024,Mumbai Indians,Punjab Kings,"Wankhede Stadium, Mumbai",India,Away,1,6,16,15,0,0,lbw,106.67,2.2,0,9,0,4.09,1,Lost,No,32.5
M-2024-T20I-029,2024-11-13,2024,T20I,International Series 2024,India,Zimbabwe,"Narendra Modi Stadium, Ahmedabad",India,Away,1,6,21,15,2,0,caught,140,3.1,0,31,1,10,0,Lost,No,49
M-2024-IPL-127,2024-12-10,2024,IPL,Indian Premier League 2024,Mumbai Indians,Rajasthan Royals,"MA Chidambaram Stadium, Chennai",India,Away,1,6,16,11,2,2,bowled,145.45,2.3,0,22,1,9.57,0,Won,No,44.8
M-2024-T20I-051,2024-12-11,2024,T20I,International Series 2024,India,New Zealand,"Rajiv Gandhi Stadium, Hyderabad",India,Home,1,6,23,16,1,0,caught,143.75,3.1,0,24,1,7.74,0,Lost,No,51.6
